name,description
name,description
Medisense AI,AI-powered diagnostic imaging analysis for radiology
FinGuard AI,AI-driven fraud detection and risk management for banks
CodeCraft AI,AI code review and automated bug fixing platform
AdPulse AI,AI marketing optimization for ad spend and creative testing
Learnify AI,Adaptive learning platform using AI for personalized curricula
RoboHarvest AI,AI robotics for autonomous agricultural harvesting
ProdBoost AI,AI productivity suite for task automation and workflow management
LexiLegal AI,AI legal assistant for contract analysis and compliance
SecureNet AI,AI cybersecurity platform for threat detection and response
ClimateSense AI,AI climate modeling for carbon offset verification
CardioAI,AI analysis of ECG data for early heart disease detection
WealthLens AI,AI financial advisor for personalized investment strategies
DevOps Genie AI,AI-driven CI/CD pipeline optimization
BrandStory AI,AI tool for generating marketing copy and brand narratives
TutorBot AI,AI tutoring system for K12 math and science
DroneGuard AI,AI robotics for infrastructure inspection using drones
FocusFlow AI,AI productivity assistant for meeting summarization and task tracking
CaseCrunch AI,AI legal research engine for case law retrieval
ThreatHive AI,AI cybersecurity for real-time phishing detection
EcoForecast AI,AI climate tech for renewable energy production forecasting
PathologyAI,AI platform for histopathology slide analysis
CreditScore AI,AI credit risk scoring for micro-lending platforms
StackAI,AI developer tool for code generation from natural language
SocialPulse AI,AI marketing analytics for social media engagement
SkillBridge AI,AI education platform for upskilling professionals
FarmBot AI,AI robotics for precision weed removal
MeetingMate AI,AI productivity assistant that auto-generates meeting agendas
ContractMate AI,AI legal tech for automated contract drafting
DarkWeb Watch AI,AI cybersecurity for monitoring dark web threats
CarbonTrack AI,AI climate tech for corporate carbon accounting
Radiant AI,AI healthcare for skin lesion classification
AlgoTrade AI,AI finance for algorithmic trading strategy generation
Debugger AI,AI developer tool for root-cause analysis of software bugs
ContentForge AI,AI marketing tool for video script generation
LanguageLift AI,AI education platform for language immersion using VR
AssemblyLine AI,AI robotics for adaptive manufacturing line optimization
TaskSprint AI,AI productivity app for personal habit formation
Verdict AI,AI legal tech for predicting case outcomes
Sentinel AI,AI cybersecurity for endpoint protection
WeatherGuard AI,AI climate tech for extreme weather event prediction
SleepWell AI,AI healthcare for sleep disorder monitoring via wearables
PortfolioPro AI,AI finance for portfolio rebalancing automation
TestWrite AI,AI developer tool for generating unit tests from code
FunnelBoost AI,AI marketing platform for funnel conversion optimization
MentorAI,AI education mentor for career path planning
LiftBot AI,AI robotics for warehouse inventory handling
FocusLens AI,AI productivity tool for distraction-free work environments
LawPulse AI,AI legal tech for regulatory change alerts
NetSecure AI,AI cybersecurity for network traffic anomaly detection
GreenGrid AI,AI climate tech for smart grid energy distribution
MedIntel,AI platform for predictive patient diagnostics
FinSight,AI-driven financial risk assessment tool
CodeGuru,AI assistant for code generation and debugging
MarketMinds,AI solution for real‑time consumer behavior analysis
EduPulse,Personalized AI tutoring system for K‑12 students
RoboAssist,AI navigation and task planning for warehouse robots
Prodify,AI workflow automation for small businesses
LexiLaw,AI contract review and compliance assistant for law firms
SecureNet,AI threat detection and response for enterprise cybersecurity
ClimateIQ,AI modeling for carbon emissions forecasting
HealthScan,AI image analysis for early disease detection
WealthBot,AI portfolio optimization for retail investors
DevOpsAI,AI monitoring and incident prediction for cloud infrastructure
AdOptima,AI creative generation for digital advertising campaigns
StudyMate,AI study planner and knowledge gap analyzer for university students
AutoRover,AI control system for autonomous delivery drones
TaskFlow,AI task prioritization and time‑blocking for professionals
CourtSense,AI legal research and case outcome prediction tool
ThreatWatch,AI phishing detection and email security platform
CarbonTrack,AI analytics for corporate sustainability reporting
NeuroCare,AI monitoring of neurological disorders via wearable data
QuantifyAI,AI algorithmic trading and market signal generation
CodeScout,AI code review and security vulnerability scanner
BrandPulse,AI sentiment analysis for brand reputation management
LearnLoop,AI adaptive curriculum builder for online courses
BotGuard,AI anomaly detection for industrial robot fleets
OfficeGenie,AI meeting summarization and action item extraction tool
InsureAI,AI claim fraud detection for insurance companies
EcoPredict,AI climate impact simulation for urban planning
MediAssist,AI virtual health assistant for chronic disease management
FinGuard,AI anti‑money‑laundering monitoring for banks
DevHelper,AI pair‑programming assistant for software teams
PromoGen,AI content generation for social media marketing
EduTrack,AI performance analytics for educational institutions
RoboInspect,AI visual inspection for manufacturing quality control
ProductivAI,AI email triage and smart reply system for enterprises
LegalEase,AI docket management and deadline tracking for courts
CyberSentinel,AI endpoint protection with behavior analytics
GreenMetrics,AI energy consumption optimization for commercial buildings
HealthMate,AI symptom checker integrated with telehealth services
AssetWatch,AI real‑estate valuation and market trend predictor
DevMetrics,AI developer productivity analytics and team health dashboard
AdWizard,AI A/B test design and ad copy optimization tool
StudyBoost,AI flashcard generation from lecture transcripts
AutoPilot,AI fleet management and predictive maintenance for logistics
FinPredict,AI credit scoring and loan eligibility assessment
CodeGuard,AI secure code generation with compliance checks
MarketScope,AI competitive intelligence and market entry analysis
EcoGuard,AI early warning system for environmental regulatory breaches.
AI Medix,AI-powered diagnostic imaging analysis for radiology labs
CardioSense AI,Machine learning platform for cardiovascular risk prediction in clinics
NeuroHeal AI,AI-driven personalized therapy planning for neurodegenerative diseases
PharmaPredict,AI system for drug discovery and clinical trial outcome forecasting
HealthBotix,Conversational AI triage assistant for urgent care centers
FinSight AI,AI analytics for real‑time credit risk assessment in banks
QuantEdge,Machine learning platform for algorithmic trading and portfolio optimization
RegulaAI,AI compliance monitoring tool for financial institutions
InsurTech AI,AI claims fraud detection and underwriting automation for insurers
WealthMinds,AI personal finance advisor for wealth management firms
DevOps Genie,AI code review and automated testing assistant for software teams
CodeCraft AI,Generative AI for rapid prototype generation of SaaS applications
BugSniper,AI-driven bug detection and auto‑patching for developers
DeployIQ,AI orchestration tool for continuous integration and delivery pipelines
MarketPulse AI,AI platform for real‑time consumer sentiment analysis and campaign optimization
AdVision,AI creative generator for personalized digital advertisements
GrowthLoop,AI predictive lead scoring and churn reduction for B2B marketers
BrandNarrate,AI tool for automated brand storytelling and content creation
EduMentor AI,Adaptive learning platform that personalizes curriculum for K‑12 students
SkillBoost AI,AI tutoring system for upskilling professionals in tech fields
LabBot AI,AI-powered autonomous lab robot for high‑throughput biological experiments
RoboFarm AI,AI-driven precision agriculture robots for crop monitoring and harvesting
AutoInspect,AI computer‑vision system for industrial robot safety and quality inspection
Prodify AI,AI task‑automation suite that streamlines office workflows for SMBs
DocuMate AI,AI legal document drafting and clause extraction for law firms
CaseFlow,AI case law research and predictive outcome modeling for attorneys
RiskGuard AI,AI threat‑intelligence platform for real‑time cybersecurity incident response
SecureCode AI,AI static analysis tool that identifies security vulnerabilities in codebases
CarbonCalc AI,AI platform that models corporate carbon footprints and suggests reduction pathways
EcoGrid AI,AI optimizer for renewable energy distribution and grid load balancing
StormPredict AI,AI early‑warning system for extreme weather events and climate risk assessment
MedSync AI,AI platform that integrates patient data across EHRs for seamless care coordination
PulseAI,AI-driven remote patient monitoring with predictive health alerts for chronic disease
FinGuard AI,AI anti‑money‑laundering monitoring and transaction risk scoring for banks
Quantify AI,AI-driven financial forecasting for SMEs using alternative data sources
DevPilot AI,AI pair‑programming assistant that suggests code snippets and design patterns
StackSense,AI stack‑overflow style knowledge base that auto‑answers developer queries
AdOptima AI,AI media‑buying optimizer that allocates budgets across channels for maximum ROI
SocialEcho AI,AI tool that generates hyper‑personalized social media content at scale
LearnPath AI,AI career pathway recommender that matches learners with micro‑credential programs
TeachBot AI,AI virtual teaching assistant that grades assignments and provides feedback in higher education
RoboAssist AI,AI control software for collaborative robots in manufacturing assembly lines
FleetMind AI,AI fleet management system that predicts maintenance for autonomous delivery vehicles
TaskFlow AI,AI workflow builder that automates repetitive tasks across SaaS applications
LexAI,AI contract analysis engine that flags risky clauses and suggests revisions for corporate legal teams
JurisPredict AI,AI litigation outcome predictor that assesses case strength based on precedent data
CyberSentinel AI,AI endpoint protection that uses behavioral analytics to block zero‑day attacks
ThreatMap AI,AI network visualization tool that maps attack vectors in real time for security teams
GreenOps AI,AI platform that optimizes data center energy usage and carbon emissions
ClimateLens AI,AI climate modeling service that provides localized impact forecasts for urban planners
HydroGuard AI,AI monitoring system for water treatment facilities that predicts equipment failure and ensures compliance.
MedPulse AI,"""AI-powered diagnostics platform for early disease detection in hospitals"""
FinSight,"""Predictive analytics AI for investment portfolio optimization"""
CodeCraft AI,"""AI code reviewer that suggests improvements and fixes bugs automatically"""
MarketMuse AI,"""AI-driven content generation and SEO optimization for digital marketers"""
EduShift,"""Personalized AI tutoring system for K‑12 students"""
RoboHeal,"""AI‑guided robotic surgery assistance for minimally invasive procedures"""
Prodify AI,"""AI workflow automation tool for enterprise productivity"""
LexiLaw,"""AI legal research assistant that summarizes case law for attorneys"""
SecureSense,"""AI threat detection and response platform for enterprise cybersecurity"""
ClimateAI,"""AI modeling tool for forecasting regional climate impacts and mitigation strategies"""
HealthSync AI,"""AI platform that integrates patient data to predict hospital readmissions"""
WealthGuard AI,"""AI risk assessment engine for insurance underwriting"""
DevOps Genie,"""AI-driven continuous integration and deployment optimizer"""
AdPulse AI,"""AI ad creative generator that tailors visuals and copy to target audiences"""
SkillBridge,"""AI career pathway planner that matches learning modules to job market trends"""
NeuroBot,"""AI-powered neuroimaging analysis for early Alzheimer’s detection"""
QuantumLedger AI,"""AI fraud detection system for cryptocurrency exchanges"""
PixelPerfect AI,"""AI design assistant that auto‑generates UI mockups from briefs"""
TeachAI,"""Adaptive AI learning management system for corporate training"""
FarmGuard AI,"""AI precision agriculture platform that predicts pest outbreaks"""
LegalEase AI,"""AI contract drafting assistant for small law firms"""
DataShield AI,"""AI privacy compliance monitor for GDPR and CCPA"""
SolarOptix AI,"""AI optimizer for solar farm placement and performance monitoring"""
MediChat AI,"""AI conversational agent for triaging patient symptoms in telehealth"""
FinGuard AI,"""AI anti‑money‑laundering solution for banks"""
CodeMason AI,"""AI pair‑programming bot that writes boilerplate code in multiple languages"""
BrandPulse AI,"""AI brand sentiment analyzer for real‑time market insights"""
StudyBuddy AI,"""AI study planner that creates personalized revision schedules"""
RoboDoc AI,"""AI‑driven robotic pharmacy dispensing system"""
WorkflowAI,"""AI task prioritization engine for remote teams"""
LexGuard AI,"""AI compliance checker that audits contracts for regulatory risks"""
CyberSentinel AI,"""AI endpoint protection that autonomously isolates threats"""
EcoMetrics AI,"""AI platform that tracks corporate carbon footprints and suggests reductions"""
PulseAI,"""AI wearable analytics that predicts cardiac events before they occur"""
InvestMate AI,"""AI advisor that builds tax‑efficient investment strategies for individuals"""
DevScout AI,"""AI codebase explorer that maps dependencies and suggests refactors"""
AdInsight AI,"""AI platform that analyzes ad performance and recommends budget reallocations"""
LearnLoop AI,"""AI micro‑learning engine that adapts content based on user retention"""
RoboLogix AI,"""AI navigation system for autonomous warehouse robots"""
ProductivityPlus AI,"""AI email summarizer that extracts action items and deadlines"""
JurisAI,"""AI case outcome predictor that helps lawyers assess litigation risks"""
SecureWave AI,"""AI network traffic analyzer that detects anomalous behavior in real time"""
ClimateGuard AI,"""AI early‑warning system for extreme weather events affecting supply chains"""
MediPredict AI,"""AI model that forecasts patient medication adherence patterns"""
FinFlow AI,"""AI cash‑flow forecasting tool for SMEs"""
CodeGuard AI,"""AI security scanner that identifies vulnerabilities in source code"""
MarketMaven AI,"""AI competitor analysis tool that tracks pricing and promotion strategies"""
EduMetrics AI,"""AI analytics dashboard for educators to monitor student engagement"""
RoboAssist AI,"""AI-powered robotic process automation for repetitive back‑office tasks"""
ProdSense AI,"""AI demand forecasting engine for retail inventory management"""
LexiDraft AI,"""AI clause library that auto‑generates contract drafts from plain language"""
CyberAudit AI,"""AI continuous compliance auditor for cloud infrastructure"""
SolarSense AI,"""AI predictive maintenance for solar panel arrays"""
HealthAI,"""AI symptom checker integrated into electronic health records"""
FinPulse AI,"""AI real‑time risk scoring for loan applicants"""
DevInsight AI,"""AI developer productivity analytics that highlights bottlenecks in code reviews"""
AI HealthMate,AI platform for personalized patient monitoring and early disease detection
FinSense AI,AI-driven predictive analytics for investment portfolio optimization
CodeGenie AI,AI assistant that automates code generation and refactoring for developers
AdPulse AI,AI tool that creates and optimizes digital ad creatives in real time
Learnify AI,Adaptive learning platform that tailors curriculum to individual student performance
RoboAssist AI,AI-powered robotic process automation for manufacturing floor operations
TaskFlow AI,AI task manager that prioritizes and delegates work across teams
LexiLaw AI,AI legal research engine that quickly extracts relevant case law and statutes
SecureGuard AI,AI system that detects and responds to advanced cybersecurity threats
ClimaPredict AI,AI model that forecasts localized climate impacts for agricultural planning
MediDiag AI,AI diagnostic assistant that interprets medical imaging for radiologists
TradeLens AI,AI engine that identifies arbitrage opportunities across global markets
DevOpsBot AI,AI chatbot that automates CI/CD pipeline troubleshooting for engineers
BrandBoost AI,AI platform that generates brand messaging and content strategies
EduTrack AI,AI analytics that monitor student engagement and predict dropout risk
RoboVision AI,AI vision system that enables autonomous navigation for warehouse robots
Prodigy AI,AI workflow optimizer that reduces bottlenecks in enterprise processes
JurisAI,AI contract reviewer that flags risky clauses and suggests revisions
ThreatHawk AI,AI threat intelligence platform that correlates global cyber attack data
EcoSense AI,AI tool that models carbon emissions for corporate sustainability reporting
VitalSigns AI,AI wearable analytics that alert caregivers to critical health changes
Quantify AI,AI quantitative trading platform that builds and tests algorithmic strategies
CodeAssist AI,AI pair programmer that suggests bug fixes and performance improvements
CampaignCraft AI,AI system that designs multi‑channel marketing campaigns from brief
SkillPath AI,AI career advisor that recommends upskilling routes based on market demand
AutoRobo AI,AI control software that coordinates collaborative industrial robots
FocusFlow AI,AI personal assistant that schedules and blocks deep‑work time automatically
LegalBrief AI,AI summarizer that creates concise case briefs for attorneys
ShieldNet AI,AI endpoint protection that learns user behavior to block anomalies
WeatherGuard AI,AI platform that predicts extreme weather events for disaster preparedness
HeartAI,AI cardiology tool that detects arrhythmias from smartwatch data
WealthGuard AI,AI wealth manager that rebalances portfolios based on life events
DevInsight AI,AI code quality analyzer that provides actionable improvement metrics
SocialBoost AI,AI that generates viral social media post ideas and posting schedules
TutorBot AI,AI tutor that provides step‑by‑step explanations for STEM subjects
FlexiBot AI,AI-driven modular robotics for flexible assembly line reconfiguration
TaskMaster AI,AI that auto‑assigns tasks based on employee strengths and workload
CaseCatcher AI,AI that automates litigation document discovery and categorization
CyberSentinel AI,AI that conducts continuous penetration testing and vulnerability scanning
CarbonCalc AI,AI that optimizes energy consumption for data centers to reduce emissions
NeuroHealth AI,AI that monitors neurological biomarkers for early detection of dementia
AlphaFinance AI,AI that generates credit risk scores using alternative data sources
BuilderAI,AI that auto‑generates infrastructure‑as‑code templates for cloud environments
AdInsight AI,AI that predicts ad performance and suggests budget reallocations
LearnLoop AI,AI platform that creates micro‑learning modules based on employee skill gaps
RoboGuard AI,AI safety system that monitors collaborative robots for human proximity hazards
ProductivityPlus AI,AI that curates and summarizes daily news and internal reports for executives
ContractAI,AI that drafts and negotiates standard service agreements with clause libraries
ThreatMatrix AI,AI that visualizes attack surfaces and recommends remediation paths
GreenGrid AI,AI that balances renewable energy sources with grid demand in real time.
MediSynth,AI platform for personalized drug discovery and clinical trial matching
HealthPulse,AI-driven remote patient monitoring and predictive health analytics
CardioAI,Machine learning tools for early detection of heart disease from imaging data
NeuroScope,AI-powered brain scan interpretation for neurology diagnostics
OncoPredict,AI system for cancer treatment recommendation based on genomics
FinSight AI,AI-driven financial forecasting and risk assessment for investment firms
CreditGuard,AI credit scoring and fraud detection for lenders
AlgoTradeX,AI algorithmic trading platform with adaptive strategies
WealthBot,AI personal finance advisor for budgeting and portfolio optimization
RiskLens,AI risk modeling and compliance automation for banking institutions
CodeCraft AI,AI-assisted code generation and debugging for software developers
DevOpsMate,AI automation of CI/CD pipelines and incident response
TestGenie,AI-powered automated software testing and quality assurance
DataMason,AI data pipeline orchestration and schema optimization tool
AdFusion,AI creative suite for generating targeted digital ad content
MarketMuse AI,AI-driven market research and consumer sentiment analysis
BrandPulse,AI platform for real-time brand monitoring and campaign optimization
EduTutor,AI personalized tutoring system for K‑12 subjects
LearnLoop,AI adaptive learning platform that tailors coursework to student performance
SkillBridge,AI career path recommendation and upskilling platform
RoboAssist,AI navigation and manipulation software for autonomous warehouse robots
FarmBotics,AI vision system for precision agriculture and crop health monitoring
DroneSense,AI flight planning and data analysis for industrial inspection drones
TaskFlow AI,AI task prioritization and workflow automation for knowledge workers
FocusBoost,AI distraction‑free environment and time‑management assistant
LegalEagle,AI contract analysis and clause extraction for law firms
CaseCrunch,AI litigation outcome prediction and legal research tool
SecureNet AI,AI threat detection and response orchestration for enterprise networks
PhishGuard,AI-powered phishing simulation and employee training platform
VulneraScan,AI vulnerability assessment and patch prioritization for IT assets
ClimateIQ,AI climate modeling and carbon footprint optimization for enterprises
EcoForecast,AI predictive analytics for renewable energy production and grid balancing
CarbonTrack,AI platform for real‑time emissions monitoring and reporting
MedAI Labs,AI diagnostic support for radiology imaging interpretation
GenomicsAI,AI analysis of DNA sequencing for rare disease identification
TheraBot,AI virtual therapist delivering CBT-based mental health support
FinGuard AI,AI anti‑money‑laundering transaction monitoring for financial institutions
QuantifyAI,AI predictive analytics for insurance underwriting and claims fraud detection
DevAI,AI code review assistant that suggests security and performance improvements
APIForge,AI tool that automatically generates and documents RESTful APIs from specifications
AdOptima,AI bid management and budget allocation for programmatic advertising
SocialSense,AI sentiment analysis of social media for brand reputation management
EduAI,AI curriculum design tool that aligns content with learning standards and outcomes
SkillPath,AI platform that matches learners with micro‑credential programs based on skill gaps
RoboFleet,AI fleet management system for autonomous delivery vehicles
AgriVision,AI drone imagery analysis for pest detection and yield estimation
ProductivityHub,AI email triage and meeting summarization for executive assistants
LegalDraft,AI contract drafting assistant that auto‑generates standard agreements
CyberShield AI,AI endpoint detection and response with automated remediation actions
CarbonAI,AI recommendation engine for sustainable supply chain sourcing.
AIHealthPulse,AI-powered remote patient monitoring platform for chronic disease management
FinGuardAI,Machine learning risk assessment tool for financial institutions
CodeSynth,AI-driven code generation and review assistant for developers
AdOptix,AI-based ad creative optimization platform for digital marketers
EduMate,Personalized AI tutoring system for K‑12 students
RoboHarvest,AI-driven autonomous farming robots for precision agriculture
Prodify,AI task automation and workflow orchestration for enterprise productivity
LexAssist,AI legal research and contract analysis solution for law firms
SecureSense,AI threat detection and response platform for cybersecurity teams
ClimaWatch,AI analytics for real‑time climate risk forecasting and mitigation
MediScanAI,Deep learning diagnostic imaging interpretation for radiology clinics
QuantifyAI,AI predictive analytics for asset management and hedge funds
DevOpsGenie,AI incident prediction and remediation tool for DevOps pipelines
BrandPulse,AI sentiment analysis and brand monitoring for marketing agencies
SkillBridge,AI skill gap analysis and personalized learning paths for corporate training
RoboMend,AI‑controlled maintenance robots for industrial equipment inspection
TaskFlowAI,AI scheduling assistant that auto‑prioritizes tasks across teams
JurisBot,AI contract drafting and compliance monitoring for corporate legal departments
CyberSentinel,AI-driven user behavior analytics to detect insider threats
EcoForecast,AI climate modeling platform for renewable energy planning
HeartAI,AI‑enhanced ECG interpretation for cardiology practices
WealthAI,AI robo‑advisor offering hyper‑personalized investment strategies
CodeGuard,AI static analysis tool that automatically fixes security vulnerabilities in code
MarTechAI,AI platform that predicts optimal channel mix for multi‑channel campaigns
LearnLoop,AI adaptive curriculum generator for higher education MOOCs
AgriBotics,AI navigation system for autonomous field robots in large farms
ProductivAI,AI‑powered email triage and meeting summarization for knowledge workers
LegalBrief,AI case brief generator that extracts key arguments from court filings
ThreatMap,AI visual threat intelligence dashboard for SOC teams
CarbonTrack,AI emissions tracking and reduction recommendation engine for corporates
NeuroHealth,AI early detection of neurological disorders from wearable data
RiskLens,AI credit scoring model tailored for emerging markets fintechs
DevMate,AI pair‑programming assistant that suggests code snippets in real time
AdVision,AI platform that creates and tests video ad variants automatically
EduAI,AI-driven language learning app with conversational practice bots
RoboGuard,AI‑controlled security drones for perimeter surveillance of critical sites
FlowBoost,AI workflow optimizer that reallocates resources based on project dynamics
LawPilot,AI docket management and deadline tracking for boutique law firms
SecureAI,AI zero‑trust identity verification for remote workforce authentication
ClimateAI,AI platform that predicts extreme weather events for disaster preparedness
MediAssist,AI virtual health assistant that triages patient symptoms and schedules appointments
FinInsights,AI platform that generates regulatory compliance reports for banks
CodeLens,AI codebase documentation generator that keeps docs in sync with changes
MarketMinder,AI competitor intelligence tool that tracks pricing and promotion trends
TeachBot,AI lesson planning assistant that creates interactive classroom activities
RoboInspect,AI visual inspection robot for pipeline and infrastructure integrity checks
ProductivityPlus,AI meeting agenda creator that extracts action items from recordings.
Mediviz AI,AI-driven diagnostic imaging analysis for hospitals
FinSight AI,Predictive analytics platform for investment portfolios
CodeCraft AI,AI-powered code review and optimization tool for developers
AdPulse AI,Real-time ad performance prediction and creative generation
LearnLoop AI,Personalized learning pathways powered by adaptive AI tutoring
RoboHarvest AI,Autonomous farming robots with AI-based crop monitoring
TaskMinder AI,AI assistant that automates task prioritization and scheduling
LexiLaw AI,AI legal research and contract drafting assistant for law firms
SecureGuard AI,AI-driven threat detection and response for enterprise cybersecurity
ClimaSense AI,AI models for forecasting regional climate impact and mitigation strategies
HeartBeat AI,AI platform for early detection of cardiac anomalies from wearables
CredScore AI,AI credit scoring system using alternative data for underserved borrowers
DevOps Genie AI,AI orchestrator that auto-generates CI/CD pipelines and monitors performance
BrandBoost AI,AI tool that creates data-driven brand messaging and campaign assets
SkillBridge AI,AI platform that matches learners with micro‑credential programs based on skill gaps
FarmBotics AI,AI-controlled autonomous tractors and sprayers for precision agriculture
FocusFlow AI,AI that curates personal productivity dashboards and recommends workflow improvements
CaseMate AI,AI that drafts legal briefs and predicts case outcomes for litigation teams
ThreatHive AI,AI-powered phishing simulation and employee training platform
CarbonCalc AI,AI that models carbon footprints for supply chains and suggests reduction pathways
NeuroVision AI,AI analysis of EEG and MRI data for neurological disorder diagnosis
TradePulse AI,AI that generates short‑term trading signals using natural language processing of news feeds
CodeSage AI,AI pair‑programmer that suggests snippets and refactors code in real time
AdGenie AI,AI that auto‑generates video ads tailored to target demographics
EduPath AI,AI-driven curriculum design that aligns with industry competency standards
RoboAssist AI,AI collaborative robots for warehouse order fulfillment and inventory checks
Prodigy AI,AI personal assistant that automates email triage and meeting prep
JurisAI AI,AI compliance monitoring tool that scans contracts for regulatory risks
ShieldNet AI,AI network traffic analyzer that isolates zero‑day exploits in real time
EcoForecast AI,AI platform that predicts extreme weather events for disaster preparedness
PulseCare AI,AI virtual health coach that monitors chronic disease metrics and suggests interventions
FinGuard AI,AI fraud detection engine for real‑time transaction monitoring in fintech apps
DevPilot AI,AI that auto‑generates boilerplate code and API documentation from user stories
MarketMinds AI,AI that clusters consumer sentiment and recommends product positioning strategies
LearnSphere AI,AI-powered virtual labs that adapt difficulty based on student performance
AgriBot AI,AI-driven drones that assess soil health and prescribe precise fertilizer applications
FocusBoost AI,AI that learns personal work habits and blocks distractions during peak productivity windows
LawPredict AI,AI that forecasts litigation timelines and settlement probabilities for law firms
CyberSentinel AI,AI that continuously audits cloud configurations for misconfigurations and compliance gaps
GreenGrid AI,AI optimizer for renewable energy dispatch and grid load balancing
CardioAI AI,AI that interprets smartwatch ECG data to alert users of atrial fibrillation risk
WealthLens AI,AI advisor that builds tax‑efficient investment portfolios for high‑net‑worth individuals
CodeGuard AI,AI that automatically detects security vulnerabilities in code repositories
AdInsight AI,AI that analyzes competitor ad creatives and recommends differentiation tactics
EduMetrics AI,AI analytics platform that tracks student engagement and predicts dropout risk
RoboLogix AI,AI that coordinates fleets of autonomous delivery robots for last‑mile logistics
ProductiveAI AI,AI that generates daily agendas and tracks goal progress across personal and team projects
LegalLex AI,AI that automates patent search and prior‑art analysis for intellectual property firms
SecureAI AI,AI that provides continuous endpoint behavior monitoring and automated remediation.
HealthSense AI,AI-driven diagnostic imaging analysis for hospitals
FinGuard.ai,Machine learning platform for real-time fraud detection in banking
CodeCraft,AI pair programmer that suggests code snippets and refactors automatically
AdPulse,AI-powered ad creative generation and performance optimization tool
EduFlex,Personalized AI tutor that adapts lessons to student learning styles
RoboHarvest,Autonomous AI-driven robots for precision agriculture and crop monitoring
ProdBoost,AI workflow assistant that automates routine office tasks and meeting summaries
LexiLegal,AI legal research assistant that quickly finds precedents and drafts memos
SecureSphere,AI threat hunting platform that predicts and mitigates cyber attacks in real time
ClimaSense,AI model that forecasts micro‑climate changes for urban planning
MediPredict,Predictive AI for patient readmission risk and care pathway optimization
TradeVision,AI analytics for stock market sentiment and automated trading signals
DevOpsAI,AI-driven CI/CD optimizer that predicts build failures and recommends fixes
BrandLift,AI platform that creates and tests brand messaging across channels
SkillBuilder,AI-powered upskilling platform that curates courses based on career goals
AutoBotix,AI-controlled warehouse robots for inventory handling and order fulfillment
TaskFlow,AI personal assistant that prioritizes tasks and schedules based on workload
JurisAI,AI contract analysis tool that highlights risky clauses and suggests revisions
CyberGuard,AI endpoint detection system that learns normal behavior to spot anomalies
CarbonTrack,AI platform that quantifies corporate carbon footprints and suggests reduction strategies
PulseMD,AI triage chatbot that routes patients to appropriate care providers
FinInsight,AI-driven credit scoring model for underserved borrowers
CodeLens,AI code review tool that detects bugs and security vulnerabilities automatically
MarketMuse,AI content planner that identifies high‑impact topics and SEO opportunities
LearnLoop,AI-driven adaptive learning platform for K‑12 classrooms
RoboLogix,AI navigation system for autonomous delivery drones in urban environments
FocusAI,AI meeting summarizer that extracts action items and assigns owners instantly
CourtWise,AI litigation analytics that predicts case outcomes and optimal strategies
SecureAI,AI phishing detection engine that protects email and messaging platforms
EcoForecast,AI tool that models renewable energy output for grid management
TheraBot,AI virtual therapist that delivers CBT interventions via chat and voice
WealthMinder,AI personal finance advisor that optimizes budgeting and investment portfolios
DevMate,AI assistant that auto‑generates documentation and API specs from codebases
AdMetrics,AI platform that attributes marketing spend to revenue with multi‑touch modeling
EduMentor,AI career counselor that matches students with scholarship and internship opportunities
HarvestBot,AI swarm robots for soil health monitoring and automated planting
Prodify,AI time‑tracking system that detects productivity patterns and suggests improvements
LegalPulse,AI case law summarizer that creates brief overviews for attorneys on the go
ThreatLens,AI network traffic analyzer that visualizes attack vectors in real time
GreenAI,AI platform that optimizes building energy consumption using predictive analytics
MediChat,AI conversational agent that provides medication adherence reminders and FAQs
QuantifyAI,AI risk analytics for insurance underwriting and claim forecasting
CodeGenie,AI tool that converts natural language requirements into functional code modules
BrandGuard,AI brand monitoring service that flags PR risks and sentiment shifts instantly
StudySphere,AI study companion that generates practice quizzes and explains concepts dynamically
RoboAssist,AI collaborative robot for assembly lines that learns new tasks via demonstration
WorkSmart,AI calendar optimizer that finds optimal meeting times across time zones
LexAudit,AI compliance auditor that scans contracts for regulatory violations
CyberSentinel,AI deception technology that creates realistic honeypots to trap attackers
ClimateAI,AI platform that models sea‑level rise impacts on coastal infrastructure
VitalAI,AI platform that predicts disease outbreaks using epidemiological and social data
FinFlow,AI cash‑flow forecasting tool for SMEs with scenario planning features
DevSecure,AI static analysis engine that finds security flaws before code merge
AdCreator,AI generator that produces video ad scripts and storyboards from brief inputs
TeachAI,AI platform that creates interactive simulations for STEM education
AgriDrone,AI-powered aerial robots that assess crop health and apply targeted treatments
FocusBoost,AI distraction blocker that learns work patterns and silences interruptions
CourtAssist,AI tool that automates docket management and filing deadlines for law firms
SecureNet,AI firewall that self‑optimizes rules based on traffic behavior analytics
EcoVision,AI satellite imagery analysis that tracks deforestation and reforestation progress.
name,description
MediPulse AI,AI-driven diagnostics platform for early disease detection
FinGuard AI,Real-time fraud detection and risk analytics for banks
CodeCraft AI,Automated code review and bug fixing assistant for developers
AdVantage AI,Programmatic ad optimization using predictive audience modeling
LearnLoop AI,Personalized learning pathways powered by adaptive AI tutoring
RoboMedi AI,Robotic surgery assistance with AI-guided precision
TaskFlow AI,AI-powered task automation and workflow optimization for enterprises
LexiBot AI,AI legal research and contract analysis tool for law firms
SecureNet AI,AI-based threat hunting and intrusion detection for cybersecurity
EcoSense AI,AI modeling for carbon emissions tracking and climate risk assessment
HealthSync AI,AI platform for patient data integration and care coordination
Quantify AI,AI-driven portfolio optimization and predictive market analytics
DevOpsMate AI,AI assistant for CI/CD pipeline management and incident response
BrandPulse AI,AI-driven brand sentiment analysis and market positioning
EduFlex AI,AI-powered curriculum design and student performance analytics
RoboAssist AI,AI-enabled collaborative robots for warehouse logistics
ProductiveAI,AI personal assistant for email triage and calendar management
LegalEase AI,AI contract drafting and compliance checking for corporate legal teams
CyberShield AI,AI-driven endpoint protection and automated remediation
GreenGrid AI,AI forecasting for renewable energy production and grid balancing
MediAI Labs,AI drug discovery platform accelerating molecular design
FinSight AI,AI credit scoring and loan underwriting for fintech lenders
CodeGenie AI,AI code generation and documentation for rapid software prototyping
AdInsight AI,AI platform for cross-channel ad creative testing and ROI prediction
LearnMate AI,AI mentorship chatbot for higher education and professional development
RoboFarm AI,AI vision systems for precision agriculture and autonomous harvesting
TaskMaster AI,AI task prioritization and resource allocation for project teams
LexGuard AI,AI-powered e-discovery and litigation support for law practices
SecureAI Ops,AI anomaly detection for cloud infrastructure security
ClimateAI Solutions,AI climate modeling for corporate sustainability planning
HealHub AI,AI triage chatbot integrating EMR data for urgent care routing
FinTrack AI,AI expense categorization and financial forecasting for SMBs
DevInsight AI,AI-driven developer productivity analytics and skill gap analysis
AdGen AI,AI-generated ad copy and visual assets for small businesses
EduBoost AI,AI adaptive testing platform for K-12 assessment
RoboLogix AI,AI navigation and fleet management for autonomous delivery robots
ProductivityPlus AI,AI meeting summarizer and action item extractor
LegalTech AI,AI predictive case outcome analytics for litigation strategy
CyberDetect AI,AI phishing detection and employee training simulation
EcoAI Labs,AI-driven waste reduction optimization for manufacturing
MediVision AI,AI radiology image analysis for faster diagnostic reporting
FinAI Edge,AI real-time transaction monitoring for payment processors
CodeAssist AI,AI pair programming and context-aware code suggestions
AdScale AI,AI budget allocation optimizer for multi-platform advertising campaigns
LearnAI Hub,AI collaborative learning platform with peer matching algorithms
RoboAssist Pro AI,AI-enhanced exoskeleton control for industrial worker assistance
TaskWizard AI,AI-driven meeting agenda creation and follow‑up automation
LexAI Pro,AI legal clause library with automated compliance updates
SecureGuard AI,AI-driven security policy compliance auditing for enterprises
GreenFuture AI,AI predictive analytics for climate impact of supply chains.
